{"name": "CodeFormatter", "version": "4.3.1", "sublime_text": ">=3000", "platforms": ["*"], "python_version": "3.3", "url": "https://github.com/akalongman/sublimetext-codeformatter", "issues": "https://github.com/akalongman/sublimetext-codeformatter/issues", "author": ["Avtandil Kikabidze aka LONGMAN"], "description": "Code Formatter plugin for ST2/ST3", "labels": ["formatting", "utilities", "php", "css", "javascript", "html", "python", "automation", "indent"], "libraries": [], "install_time": 1738152548.6449068, "release_time": "2019-10-30 08:09:35"}